{
  "indexes": [
    {
      "collectionGroup": "licenses",
      "queryScope": "COLLECTION",
      "fields": [
        { "fieldPath": "status", "order": "ASCENDING" },
        { "fieldPath": "expires_at", "order": "ASCENDING" }
      ]
    },
    {
      "collectionGroup": "licenses",
      "queryScope": "COLLECTION",
      "fields": [
        { "fieldPath": "user_id", "order": "ASCENDING" },
        { "fieldPath": "status", "order": "ASCENDING" }
      ]
    },
    {
      "collectionGroup": "audit_logs",
      "queryScope": "COLLECTION",
      "fields": [
        { "fieldPath": "license_id", "order": "ASCENDING" },
        { "fieldPath": "created_at", "order": "DESCENDING" }
      ]
    },
    {
      "collectionGroup": "audit_logs",
      "queryScope": "COLLECTION",
      "fields": [
        { "fieldPath": "provider_used", "order": "ASCENDING" },
        { "fieldPath": "created_at", "order": "DESCENDING" }
      ]
    },
    {
      "collectionGroup": "audit_logs",
      "queryScope": "COLLECTION",
      "fields": [
        { "fieldPath": "request_type", "order": "ASCENDING" },
        { "fieldPath": "created_at", "order": "DESCENDING" }
      ]
    },
    {
      "collectionGroup": "audit_logs",
      "queryScope": "COLLECTION",
      "fields": [
        { "fieldPath": "status", "order": "ASCENDING" },
        { "fieldPath": "created_at", "order": "DESCENDING" }
      ]
    },
    {
      "collectionGroup": "job_queue",
      "queryScope": "COLLECTION",
      "fields": [
        { "fieldPath": "status", "order": "ASCENDING" },
        { "fieldPath": "created_at", "order": "ASCENDING" }
      ]
    },
    {
      "collectionGroup": "job_queue",
      "queryScope": "COLLECTION",
      "fields": [
        { "fieldPath": "license_id", "order": "ASCENDING" },
        { "fieldPath": "status", "order": "ASCENDING" }
      ]
    },
    {
      "collectionGroup": "job_queue",
      "queryScope": "COLLECTION",
      "fields": [
        { "fieldPath": "license_id", "order": "ASCENDING" },
        { "fieldPath": "created_at", "order": "DESCENDING" }
      ]
    },
    {
      "collectionGroup": "job_queue",
      "queryScope": "COLLECTION",
      "fields": [
        { "fieldPath": "status", "order": "ASCENDING" },
        { "fieldPath": "attempts", "order": "ASCENDING" },
        { "fieldPath": "created_at", "order": "ASCENDING" }
      ]
    },
    {
      "collectionGroup": "cost_tracking",
      "queryScope": "COLLECTION",
      "fields": [
        { "fieldPath": "license_id", "order": "ASCENDING" },
        { "fieldPath": "month", "order": "DESCENDING" }
      ]
    },
    {
      "collectionGroup": "cost_tracking",
      "queryScope": "COLLECTION",
      "fields": [
        { "fieldPath": "month", "order": "ASCENDING" },
        { "fieldPath": "total_cost_usd", "order": "DESCENDING" }
      ]
    },
    {
      "collectionGroup": "rate_limit_counters",
      "queryScope": "COLLECTION",
      "fields": [
        { "fieldPath": "endpoint", "order": "ASCENDING" },
        { "fieldPath": "window_start", "order": "ASCENDING" }
      ]
    }
  ],
  "fieldOverrides": [
    {
      "collectionGroup": "audit_logs",
      "fieldPath": "created_at",
      "indexes": [
        { "order": "DESCENDING", "queryScope": "COLLECTION" },
        { "order": "ASCENDING", "queryScope": "COLLECTION" }
      ]
    },
    {
      "collectionGroup": "job_queue",
      "fieldPath": "created_at",
      "indexes": [
        { "order": "DESCENDING", "queryScope": "COLLECTION" },
        { "order": "ASCENDING", "queryScope": "COLLECTION" }
      ]
    },
    {
      "collectionGroup": "licenses",
      "fieldPath": "expires_at",
      "indexes": [
        { "order": "ASCENDING", "queryScope": "COLLECTION" }
      ]
    }
  ]
}
