{
  "functions": [
    {
      "source": "functions",
      "codebase": "default",
      "runtime": "nodejs20",
      "ignore": [
        "node_modules",
        ".git",
        "firebase-debug.log",
        "firebase-debug.*.log",
        "*.local"
      ],
      "predeploy": [
        "npm --prefix \"$RESOURCE_DIR\" run lint",
        "npm --prefix \"$RESOURCE_DIR\" run build"
      ]
    }
  ],
  "hosting": {
    "public": "public",
    "ignore": [
      "firebase.json",
      "**/.*",
      "**/node_modules/**"
    ],
    "rewrites": [
      {
        "source": "/api/auth/validate-license",
        "function": "validateLicense",
        "region": "europe-west1"
      },
      {
        "source": "/api/ai/route-request",
        "function": "routeRequest",
        "region": "us-central1"
      },
      {
        "source": "/api/tasks/submit",
        "function": "submitTask",
        "region": "us-central1"
      },
      {
        "source": "/api/tasks/status/**",
        "function": "getTaskStatus",
        "region": "us-central1"
      },
      {
        "source": "/api/analytics",
        "function": "getAnalytics",
        "region": "us-central1"
      },
      {
        "source": "/api/health",
        "function": "validateLicense",
        "region": "europe-west1"
      }
    ]
  }
}
